character	node_key	state_index	state_label	posterior
sample-char:cetacean-habitat	N:Ambulocetus+Mysticeti+Odontoceti+Pakicetus|8	0	陆生	0.4931789024
sample-char:cetacean-habitat	N:Ambulocetus+Mysticeti+Odontoceti+Pakicetus|8	1	半水生	0.3182051091
sample-char:cetacean-habitat	N:Ambulocetus+Mysticeti+Odontoceti+Pakicetus|8	2	水生	0.1886159885
sample-char:cetacean-habitat	N:Ambulocetus+Mysticeti+Odontoceti|6	0	陆生	0.4303748082
sample-char:cetacean-habitat	N:Ambulocetus+Mysticeti+Odontoceti|6	1	半水生	0.3728988750
sample-char:cetacean-habitat	N:Ambulocetus+Mysticeti+Odontoceti|6	2	水生	0.1967263168
sample-char:cetacean-habitat	T:Pakicetus	0	陆生	1.000000000
sample-char:cetacean-habitat	T:Pakicetus	1	半水生	0.000000000
sample-char:cetacean-habitat	T:Pakicetus	2	水生	0.000000000
sample-char:cetacean-habitat	T:Ambulocetus	0	陆生	0.000000000
sample-char:cetacean-habitat	T:Ambulocetus	1	半水生	1.000000000
sample-char:cetacean-habitat	T:Ambulocetus	2	水生	0.000000000
sample-char:cetacean-habitat	N:Mysticeti+Odontoceti|4	0	陆生	0.3428467228
sample-char:cetacean-habitat	N:Mysticeti+Odontoceti|4	1	半水生	0.3371434638
sample-char:cetacean-habitat	N:Mysticeti+Odontoceti|4	2	水生	0.3200098133
sample-char:cetacean-habitat	N:Mysticeti+Odontoceti|3	0	陆生	0.3356388122
sample-char:cetacean-habitat	N:Mysticeti+Odontoceti|3	1	半水生	0.3340225502
sample-char:cetacean-habitat	N:Mysticeti+Odontoceti|3	2	水生	0.3303386376
sample-char:cetacean-habitat	T:Mysticeti	0	陆生	0.000000000
sample-char:cetacean-habitat	T:Mysticeti	1	半水生	0.000000000
sample-char:cetacean-habitat	T:Mysticeti	2	水生	1.000000000
sample-char:cetacean-habitat	T:Odontoceti	0	陆生	0.000000000
sample-char:cetacean-habitat	T:Odontoceti	1	半水生	0.000000000
sample-char:cetacean-habitat	T:Odontoceti	2	水生	1.000000000
sample-char:cetacean-locomotion	N:Ambulocetus+Mysticeti+Odontoceti+Pakicetus|8	0	跖行	0.4931789024
sample-char:cetacean-locomotion	N:Ambulocetus+Mysticeti+Odontoceti+Pakicetus|8	1	划水游动	0.3182051091
sample-char:cetacean-locomotion	N:Ambulocetus+Mysticeti+Odontoceti+Pakicetus|8	2	摆尾游动	0.1886159885
sample-char:cetacean-locomotion	N:Ambulocetus+Mysticeti+Odontoceti|6	0	跖行	0.4303748082
sample-char:cetacean-locomotion	N:Ambulocetus+Mysticeti+Odontoceti|6	1	划水游动	0.3728988750
sample-char:cetacean-locomotion	N:Ambulocetus+Mysticeti+Odontoceti|6	2	摆尾游动	0.1967263168
sample-char:cetacean-locomotion	T:Pakicetus	0	跖行	1.000000000
sample-char:cetacean-locomotion	T:Pakicetus	1	划水游动	0.000000000
sample-char:cetacean-locomotion	T:Pakicetus	2	摆尾游动	0.000000000
sample-char:cetacean-locomotion	T:Ambulocetus	0	跖行	0.000000000
sample-char:cetacean-locomotion	T:Ambulocetus	1	划水游动	1.000000000
sample-char:cetacean-locomotion	T:Ambulocetus	2	摆尾游动	0.000000000
sample-char:cetacean-locomotion	N:Mysticeti+Odontoceti|4	0	跖行	0.3428467228
sample-char:cetacean-locomotion	N:Mysticeti+Odontoceti|4	1	划水游动	0.3371434638
sample-char:cetacean-locomotion	N:Mysticeti+Odontoceti|4	2	摆尾游动	0.3200098133
sample-char:cetacean-locomotion	N:Mysticeti+Odontoceti|3	0	跖行	0.3356388122
sample-char:cetacean-locomotion	N:Mysticeti+Odontoceti|3	1	划水游动	0.3340225502
sample-char:cetacean-locomotion	N:Mysticeti+Odontoceti|3	2	摆尾游动	0.3303386376
sample-char:cetacean-locomotion	T:Mysticeti	0	跖行	0.000000000
sample-char:cetacean-locomotion	T:Mysticeti	1	划水游动	0.000000000
sample-char:cetacean-locomotion	T:Mysticeti	2	摆尾游动	1.000000000
sample-char:cetacean-locomotion	T:Odontoceti	0	跖行	0.000000000
sample-char:cetacean-locomotion	T:Odontoceti	1	划水游动	0.000000000
sample-char:cetacean-locomotion	T:Odontoceti	2	摆尾游动	1.000000000
