character	from_index	to_index	cost
sample-char:cetacean-habitat	0	0	0
sample-char:cetacean-habitat	0	1	2
sample-char:cetacean-habitat	0	2	3
sample-char:cetacean-habitat	1	0	2
sample-char:cetacean-habitat	1	1	0
sample-char:cetacean-habitat	1	2	1
sample-char:cetacean-habitat	2	0	3
sample-char:cetacean-habitat	2	1	1
sample-char:cetacean-habitat	2	2	0
sample-char:cetacean-locomotion	0	0	0
sample-char:cetacean-locomotion	0	1	2
sample-char:cetacean-locomotion	0	2	3
sample-char:cetacean-locomotion	1	0	5
sample-char:cetacean-locomotion	1	1	0
sample-char:cetacean-locomotion	1	2	1
sample-char:cetacean-locomotion	2	0	5
sample-char:cetacean-locomotion	2	1	5
sample-char:cetacean-locomotion	2	2	0
