character	tip	state_label
sample-char:archaea-energy	Thaumarchaeota	?
sample-char:archaea-energy	Korarchaeota	?
sample-char:archaea-energy	Nanoarchaeota	?
sample-char:archaea-energy	Methanosarcina	产甲烷
sample-char:archaea-energy	Methanobrevibacter	产甲烷
sample-char:archaea-energy	Halobacterium	嗜盐光能
sample-char:archaea-energy	Natronomonas	嗜盐光能
sample-char:archaea-energy	Thermoproteus	硫氧化
sample-char:archaea-energy	Pyrobaculum	硫氧化
sample-char:archaea-energy	Sulfolobus	硫氧化
sample-char:archaea-energy	Metallosphaera	硫氧化
sample-char:archaea-temperature	Thaumarchaeota	?
sample-char:archaea-temperature	Korarchaeota	?
sample-char:archaea-temperature	Nanoarchaeota	?
sample-char:archaea-temperature	Methanosarcina	中温
sample-char:archaea-temperature	Methanobrevibacter	中温
sample-char:archaea-temperature	Halobacterium	中温
sample-char:archaea-temperature	Natronomonas	中温
sample-char:archaea-temperature	Thermoproteus	超嗜热
sample-char:archaea-temperature	Pyrobaculum	超嗜热
sample-char:archaea-temperature	Sulfolobus	嗜热
sample-char:archaea-temperature	Metallosphaera	嗜热
