character	node_key	chosen_state_index	tie_state_indexes	mp_state_indexes	change_on_branch
sample-char:archaea-energy	N:Halobacterium+Korarchaeota+Metallosphaera+Methanobrevibacter+Methanosarcina+Nanoarchaeota+Natronomonas+Pyrobaculum+Sulfolobus+Thaumarchaeota+Thermoproteus|19	2	0,1,2	0,1,2	0
sample-char:archaea-energy	N:Halobacterium+Methanobrevibacter+Methanosarcina+Natronomonas|7	2	0,1,2	0,1,2	0
sample-char:archaea-energy	N:Korarchaeota+Metallosphaera+Nanoarchaeota+Pyrobaculum+Sulfolobus+Thaumarchaeota+Thermoproteus|11	2	2	0,1,2	0
sample-char:archaea-energy	N:Methanobrevibacter+Methanosarcina|3	0	0	0	1
sample-char:archaea-energy	N:Halobacterium+Natronomonas|3	1	1	1	1
sample-char:archaea-energy	N:Metallosphaera+Pyrobaculum+Sulfolobus+Thermoproteus|7	2	2	2	0
sample-char:archaea-energy	T:Thaumarchaeota	2	2	0,1,2	0
sample-char:archaea-energy	T:Korarchaeota	2	2	0,1,2	0
sample-char:archaea-energy	T:Nanoarchaeota	2	2	0,1,2	0
sample-char:archaea-energy	T:Methanosarcina	0	0	0	0
sample-char:archaea-energy	T:Methanobrevibacter	0	0	0	0
sample-char:archaea-energy	T:Halobacterium	1	1	1	0
sample-char:archaea-energy	T:Natronomonas	1	1	1	0
sample-char:archaea-energy	N:Pyrobaculum+Thermoproteus|3	2	2	2	0
sample-char:archaea-energy	N:Metallosphaera+Sulfolobus|3	2	2	2	0
sample-char:archaea-energy	T:Thermoproteus	2	2	2	0
sample-char:archaea-energy	T:Pyrobaculum	2	2	2	0
sample-char:archaea-energy	T:Sulfolobus	2	2	2	0
sample-char:archaea-energy	T:Metallosphaera	2	2	2	0
sample-char:archaea-temperature	N:Halobacterium+Korarchaeota+Metallosphaera+Methanobrevibacter+Methanosarcina+Nanoarchaeota+Natronomonas+Pyrobaculum+Sulfolobus+Thaumarchaeota+Thermoproteus|19	2	0,1,2	0,1,2	0
sample-char:archaea-temperature	N:Halobacterium+Methanobrevibacter+Methanosarcina+Natronomonas|7	2	2	2	0
sample-char:archaea-temperature	N:Korarchaeota+Metallosphaera+Nanoarchaeota+Pyrobaculum+Sulfolobus+Thaumarchaeota+Thermoproteus|11	2	0,1,2	0,1,2	0
sample-char:archaea-temperature	N:Methanobrevibacter+Methanosarcina|3	2	2	2	0
sample-char:archaea-temperature	N:Halobacterium+Natronomonas|3	2	2	2	0
sample-char:archaea-temperature	N:Metallosphaera+Pyrobaculum+Sulfolobus+Thermoproteus|7	2	0,1,2	0,1,2	0
sample-char:archaea-temperature	T:Thaumarchaeota	2	2	0,1,2	0
sample-char:archaea-temperature	T:Korarchaeota	2	2	0,1,2	0
sample-char:archaea-temperature	T:Nanoarchaeota	2	2	0,1,2	0
sample-char:archaea-temperature	T:Methanosarcina	2	2	2	0
sample-char:archaea-temperature	T:Methanobrevibacter	2	2	2	0
sample-char:archaea-temperature	T:Halobacterium	2	2	2	0
sample-char:archaea-temperature	T:Natronomonas	2	2	2	0
sample-char:archaea-temperature	N:Pyrobaculum+Thermoproteus|3	0	0	0	1
sample-char:archaea-temperature	N:Metallosphaera+Sulfolobus|3	1	1	1	1
sample-char:archaea-temperature	T:Thermoproteus	0	0	0	0
sample-char:archaea-temperature	T:Pyrobaculum	0	0	0	0
sample-char:archaea-temperature	T:Sulfolobus	1	1	1	0
sample-char:archaea-temperature	T:Metallosphaera	1	1	1	0
