node_key	label	parent_key	branch_length	rescaled_length	is_tip	tips_below
N:t1+t2+t3+t4+t5+t6+t7+t8|15	i7		0	0	0	8
N:t1+t2+t3+t4|7	i3	N:t1+t2+t3+t4+t5+t6+t7+t8|15	0.25	0.6603773584905661	0	4
N:t5+t6+t7+t8|7	i6	N:t1+t2+t3+t4+t5+t6+t7+t8|15	0.2	0.5283018867924528	0	4
N:t1+t2|3	i1	N:t1+t2+t3+t4|7	0.3	0.7924528301886793	0	2
N:t3+t4|3	i2	N:t1+t2+t3+t4|7	0.4	1.0566037735849056	0	2
N:t5+t6|3	i4	N:t5+t6+t7+t8|7	0.15	0.39622641509433965	0	2
N:t7+t8|3	i5	N:t5+t6+t7+t8|7	0.3	0.7924528301886793	0	2
T:t1	t1	N:t1+t2|3	0.4	1.0566037735849056	1	1
T:t2	t2	N:t1+t2|3	0.6	1.5849056603773586	1	1
T:t3	t3	N:t3+t4|3	0.5	1.3207547169811322	1	1
T:t4	t4	N:t3+t4|3	0.2	0.5283018867924528	1	1
T:t5	t5	N:t5+t6|3	0.7	1.849056603773585	1	1
T:t6	t6	N:t5+t6|3	0.35	0.9245283018867925	1	1
T:t7	t7	N:t7+t8|3	0.45	1.188679245283019	1	1
T:t8	t8	N:t7+t8|3	0.5	1.3207547169811322	1	1
